ZINC_ID,Vendor,Purchability,Updated
ZINC_ID,Vendor,Purchability,Updated
ZINC000000000010,Aldrich CPR,In-Stock,2018-08-21
ZINC000000000010,Tetrahedron Building Blocks,In-Stock,2017-04-22
ZINC000000000010,Princeton BioMolecular BuildingBlocks,In-Stock,2018-09-07
ZINC000000000011,Hangzhou Yuhao Chemical Technology,In-Stock,2018-10-01
ZINC000000000012,Ambeed,In-Stock,2018-10-09
ZINC000000000012,Hangzhou Yuhao Chemical Technology,In-Stock,2018-10-01
ZINC000000000012,Sigma Aldrich (Building Blocks),In-Stock,2018-08-22
ZINC000000000012,AK Scientific Economical,In-Stock,2018-10-02
ZINC000000000012,Molepedia,In-Stock,2016-05-09
ZINC000000000012,Syntharise,In-Stock,2017-04-24
ZINC000000000012,Molport BB Economical,In-Stock,2018-02-17
ZINC000000000012,Molport SC Economical,In-Stock,2018-02-20
ZINC000000000012,Aobious,In-Stock,2016-02-25
ZINC000000000012,Bosche Scientific,In-Stock,2018-09-11
ZINC000000000012,Tetrahedron Building Blocks,In-Stock,2017-04-22
ZINC000000000012,KeyOrganics Bioactives,In-Stock,2018-08-13
ZINC_ID,Vendor,Purchability,Updated
ZINC000000000010,Aldrich CPR,In-Stock,2018-08-21
ZINC000000000010,Tetrahedron Building Blocks,In-Stock,2017-04-22
ZINC000000000010,Princeton BioMolecular BuildingBlocks,In-Stock,2018-09-07
ZINC000000000011,Hangzhou Yuhao Chemical Technology,In-Stock,2018-10-01
ZINC000000000012,Ambeed,In-Stock,2018-10-09
ZINC000000000012,Hangzhou Yuhao Chemical Technology,In-Stock,2018-10-01
ZINC000000000012,Sigma Aldrich (Building Blocks),In-Stock,2018-08-22
ZINC000000000012,AK Scientific Economical,In-Stock,2018-10-02
ZINC000000000012,Molepedia,In-Stock,2016-05-09
ZINC000000000012,Syntharise,In-Stock,2017-04-24
ZINC000000000012,Molport BB Economical,In-Stock,2018-02-17
ZINC000000000012,Molport SC Economical,In-Stock,2018-02-20
ZINC000000000012,Aobious,In-Stock,2016-02-25
ZINC000000000012,Bosche Scientific,In-Stock,2018-09-11
ZINC000000000012,Tetrahedron Building Blocks,In-Stock,2017-04-22
ZINC000000000012,KeyOrganics Bioactives,In-Stock,2018-08-13
